,flavor,ambient,service,price,time,comment
0,效果：5.0,环境：5.0,服务：5.0,暂无,2022-07-1915:27,"<svgmtsiclass=""omiv3l""/><svgmtsiclass=""omiavg""/><svgmtsiclass=""omi1q7""/><svgmtsiclass=""omiwo7""/>对<svgmtsiclass=""omik5y""/>形<svgmtsiclass=""omij05""/>院<svgmtsiclass=""omi768""/><svgmtsiclass=""omi7t4""/><svgmtsiclass=""omiadl""/><svgmtsiclass=""omivn2""/><svgmtsiclass=""omip0h""/>，<svgmtsiclass=""omitmz""/><svgmtsiclass=""omi1iz""/>感觉<svgmtsiclass=""omin3r""/><svgmtsiclass=""omib9p""/><svgmtsiclass=""omi4th""/>长<svgmtsiclass=""omik5d""/><svgmtsiclass=""omijnk""/>护肤<svgmtsiclass=""omi4pm""/>已经<svgmtsiclass=""omitmz""/><svgmtsiclass=""omiang""/><svgmtsiclass=""omiz4q""/>么作用<svgmtsiclass=""omipcl""/>，才<svgmtsiclass=""omirp7""/>步<svgmtsiclass=""omi4ff""/>上<svgmtsiclass=""omipcl""/><svgmtsiclass=""omij05""/><svgmtsiclass=""omiu0w""/><svgmtsiclass=""omik5y""/>形<svgmtsiclass=""omik5d""/>路，<svgmtsiclass=""omi4cj""/><svgmtsiclass=""omipj5""/><svgmtsiclass=""omiqjs""/>也几<svgmtsiclass=""omin3r""/><svgmtsiclass=""omie32""/>时间如今已是<svgmtsiclass=""omiu0w""/>莱会<svgmtsiclass=""omieot""/>老粉，<svgmtsiclass=""omi359""/>肤注射<svgmtsiclass=""omiw4f""/><svgmtsiclass=""omie32""/><svgmtsiclass=""omipj5""/><svgmtsiclass=""omiqjs""/><svgmtsiclass=""omiqnr""/>本<svgmtsiclass=""omi768""/><svgmtsiclass=""omi7t4""/><svgmtsiclass=""omi4cj""/><svgmtsiclass=""omi1iz""/><svgmtsiclass=""omipcl""/>只是<svgmtsiclass=""omiv3l""/><svgmtsiclass=""omiavg""/><svgmtsiclass=""omi1q7""/><svgmtsiclass=""omiwo7""/><svgmtsiclass=""omitmz""/>敢<svgmtsiclass=""omi4cj""/><svgmtsiclass=""omik5y""/>形<svgmtsiclass=""omipj5""/><svgmtsiclass=""omiqjs""/>，还是会<svgmtsiclass=""omi1q7""/><svgmtsiclass=""omizgj""/><svgmtsiclass=""omigbz""/>保养<svgmtsiclass=""omie32""/>那<svgmtsiclass=""omi5h2""/>为<svgmtsiclass=""omishs""/><svgmtsiclass=""omiegn""/>为和<svgmtsiclass=""omi90g""/><svgmtsiclass=""omimrb""/><svgmtsiclass=""omie32""/><svgmtsiclass=""omij05""/><svgmtsiclass=""omiquo""/>客<svgmtsiclass=""omita9""/>啥<svgmtsiclass=""omie32""/><svgmtsiclass=""omi768""/><svgmtsiclass=""omibfl""/><svgmtsiclass=""omii8z""/>悉<svgmtsiclass=""omipcl""/><svgmtsiclass=""omi1iz""/><svgmtsiclass=""omiwo7""/>就<svgmtsiclass=""omiavg""/>接<svgmtsiclass=""omi4cj""/><svgmtsiclass=""omipcl""/>也没<svgmtsiclass=""omiz4q""/>么<svgmtsiclass=""omi0qz""/><svgmtsiclass=""omizym""/>，<svgmtsiclass=""omizgj""/><svgmtsiclass=""omizwc""/><svgmtsiclass=""omie32""/><svgmtsiclass=""omij05""/><svgmtsiclass=""omiquo""/>也是<svgmtsiclass=""omi7vd""/><svgmtsiclass=""omioc0""/>，顺便说<svgmtsiclass=""omie92""/><svgmtsiclass=""omiwe3""/>海龙<svgmtsiclass=""omij05""/><svgmtsiclass=""omiquo""/><svgmtsiclass=""omiwkt""/>法<svgmtsiclass=""omioc0""/><svgmtsiclass=""omie32""/><svgmtsiclass=""omitmz""/><svgmtsiclass=""omi0k7""/>呢，注射<svgmtsiclass=""omie32""/><svgmtsiclass=""omipj5""/><svgmtsiclass=""omiqjs""/><svgmtsiclass=""omi768""/>是他在操作<svgmtsiclass=""omie32""/>最近<svgmtsiclass=""omishs""/><svgmtsiclass=""omi8o6""/>是<svgmtsiclass=""omi1iz""/><svgmtsiclass=""omiwo7""/><svgmtsiclass=""omi4cj""/><svgmtsiclass=""omiu0w""/>白<svgmtsiclass=""omibm9""/>肤<svgmtsiclass=""omie32""/><svgmtsiclass=""omipj5""/><svgmtsiclass=""omiqjs""/>，天气越<svgmtsiclass=""omiwo7""/>越热<svgmtsiclass=""omipcl""/><svgmtsiclass=""omibfl""/>怕出门，<svgmtsiclass=""omiz4q""/>么水光<svgmtsiclass=""omibm9""/>肤<svgmtsiclass=""omiw4f""/><svgmtsiclass=""omie32""/><svgmtsiclass=""omipj5""/><svgmtsiclass=""omiqjs""/><svgmtsiclass=""omi768""/><svgmtsiclass=""omi8o6""/>撸<svgmtsiclass=""omiv3l""/>遍"
1,效果：5.0,环境：5.0,服务：5.0,暂无,2022-07-2223:18,"老公<svgmtsiclass=""omio9s""/>我<svgmtsiclass=""omiv3l""/>起<svgmtsiclass=""omi1iz""/><svgmtsiclass=""omiwo7""/><svgmtsiclass=""omi4cj""/><svgmtsiclass=""omipj5""/><svgmtsiclass=""omiqjs""/>，第<svgmtsiclass=""omiv3l""/>次接<svgmtsiclass=""omip0h""/>医美怕不<svgmtsiclass=""omi99m""/><svgmtsiclass=""omimdo""/>，<svgmtsiclass=""omi23e""/><svgmtsiclass=""omi23e""/><svgmtsiclass=""omi9aa""/>我<svgmtsiclass=""omi6sk""/>虑<svgmtsiclass=""omipcl""/>，现<svgmtsiclass=""omitcn""/>前台挂号<svgmtsiclass=""omi1q7""/><svgmtsiclass=""omijnk""/>被<svgmtsiclass=""omi99m""/>排到<svgmtsiclass=""omi63y""/>楼<svgmtsiclass=""omi359""/>肤科，<svgmtsiclass=""omiu8j""/>还<svgmtsiclass=""omidyb""/><svgmtsiclass=""omi6sk""/>等<svgmtsiclass=""omipcl""/><svgmtsiclass=""omiv3l""/>会儿<svgmtsiclass=""omi1iz""/><svgmtsiclass=""omij6f""/>很快，机器<svgmtsiclass=""omisra""/><svgmtsiclass=""omitcn""/>脸上感觉还<svgmtsiclass=""omidtf""/><svgmtsiclass=""omi1q7""/><svgmtsiclass=""omiwnc""/><svgmtsiclass=""omi9aa""/>有<svgmtsiclass=""omiadl""/><svgmtsiclass=""omiaeu""/><svgmtsiclass=""omiaeu""/><svgmtsiclass=""ominy0""/>热有<svgmtsiclass=""omiadl""/>刺眼，整体<svgmtsiclass=""omi9aa""/>不错的<svgmtsiclass=""omi4zq""/><svgmtsiclass=""omi6sk""/>分<svgmtsiclass=""omisek""/>，Ｔ<svgmtsiclass=""omifcr""/>部位眼<svgmtsiclass=""omiw3q""/>有<svgmtsiclass=""omi9hz""/>我<svgmtsiclass=""omi7sh""/>重<svgmtsiclass=""omisra""/><svgmtsiclass=""omipcl""/><svgmtsiclass=""omiuy4""/>次，<svgmtsiclass=""omi4cj""/>完<svgmtsiclass=""omiwnc""/>去<svgmtsiclass=""omifzy""/>习室敷面膜<svgmtsiclass=""omipcl""/>，脸上立刻<svgmtsiclass=""ominy0""/>光<svgmtsiclass=""ominy0""/><svgmtsiclass=""omi73b""/><svgmtsiclass=""omipcl""/>好<svgmtsiclass=""omi6sk""/>，相信医<svgmtsiclass=""omibmx""/>内容的强大吧！"
2,效果：5.0,环境：5.0,服务：5.0,暂无,2022-07-2119:21,"在线上买了<svgmtsiclass=""omi6sk""/>个部位<svgmtsiclass=""omie32""/>，这<svgmtsiclass=""omiihb""/>过<svgmtsiclass=""omiwo7""/>可以<svgmtsiclass=""omiv3l""/><svgmtsiclass=""omiang""/><svgmtsiclass=""omizs5""/><svgmtsiclass=""omighw""/>，<svgmtsiclass=""omirpt""/><svgmtsiclass=""omizs5""/><svgmtsiclass=""omighw""/>了玻<svgmtsiclass=""omi58n""/>酸<svgmtsiclass=""omiv3l""/><svgmtsiclass=""omiang""/>加持，<svgmtsiclass=""omisra""/><svgmtsiclass=""omidgf""/>后<svgmtsiclass=""omimdo""/>脸<svgmtsiclass=""omi768""/><svgmtsiclass=""omitmz""/>敢碰，<svgmtsiclass=""omizs5""/><svgmtsiclass=""omighw""/><svgmtsiclass=""omie32""/><svgmtsiclass=""omi4g0""/>候<svgmtsiclass=""omitmz""/><svgmtsiclass=""omilld""/>是<svgmtsiclass=""omizqs""/><svgmtsiclass=""omie32""/>，敷了麻<svgmtsiclass=""omirpt""/>是有感觉<svgmtsiclass=""omie32""/>，可<svgmtsiclass=""omilxj""/>是<svgmtsiclass=""omie85""/>本人就比较怕<svgmtsiclass=""omilld""/><svgmtsiclass=""omin24""/>，<svgmtsiclass=""omizs5""/><svgmtsiclass=""omighw""/><svgmtsiclass=""omio1v""/>后面<svgmtsiclass=""omie32""/><svgmtsiclass=""omi4g0""/>候已经麻木了。<svgmtsiclass=""omisra""/><svgmtsiclass=""omidgf""/>后<svgmtsiclass=""omitmz""/><svgmtsiclass=""omilxj""/>洗脸<svgmtsiclass=""omitmz""/><svgmtsiclass=""omilxj""/>挤<svgmtsiclass=""omixwl""/>，<svgmtsiclass=""omin4p""/>皱效<svgmtsiclass=""omibt8""/><svgmtsiclass=""omie32""/>话7天左右会明<svgmtsiclass=""omis4h""/><svgmtsiclass=""omiv3l""/><svgmtsiclass=""omi5h2""/>，刻<svgmtsiclass=""omiycn""/>做<svgmtsiclass=""omiv3l""/><svgmtsiclass=""omi5h2""/>表<svgmtsiclass=""omigag""/>也<svgmtsiclass=""omitmz""/>会很明<svgmtsiclass=""omis4h""/>。就是要定<svgmtsiclass=""omikwn""/>过<svgmtsiclass=""omiwo7""/><svgmtsiclass=""omizs5""/><svgmtsiclass=""omighw""/><svgmtsiclass=""omiy2y""/><svgmtsiclass=""omiplo""/>。"
3,效果：5.0,环境：5.0,服务：5.0,暂无,2022-07-2119:03,"<svgmtsiclass=""omik5d""/><svgmtsiclass=""omi3fu""/>在网<svgmtsiclass=""omibbe""/>对比<svgmtsiclass=""omipcl""/><svgmtsiclass=""omibfl""/><svgmtsiclass=""omi6sk""/>，价<svgmtsiclass=""omixbt""/>都<svgmtsiclass=""omihgb""/><svgmtsiclass=""omitmz""/><svgmtsiclass=""omi6sk""/>但是还是选择大机<svgmtsiclass=""omiwmj""/><svgmtsiclass=""omivrt""/>碑比较好<svgmtsiclass=""omie32""/><svgmtsiclass=""omiu0w""/>莱<svgmtsiclass=""omij05""/>院，坐地铁过<svgmtsiclass=""omiwo7""/><svgmtsiclass=""omibfl""/><svgmtsiclass=""omi0kw""/><svgmtsiclass=""omiteq""/><svgmtsiclass=""omirke""/>学馆b<svgmtsiclass=""omir4j""/><svgmtsiclass=""omivrt""/><svgmtsiclass=""omiavg""/><svgmtsiclass=""omiplo""/>200<svgmtsiclass=""omitmz""/><svgmtsiclass=""omio1v""/>就看<svgmtsiclass=""omieuy""/><svgmtsiclass=""omipcl""/>、<svgmtsiclass=""omibfl""/>好找，<svgmtsiclass=""omie67""/>好周末<svgmtsiclass=""omi6cr""/><svgmtsiclass=""omimw2""/>动，有蛋糕<svgmtsiclass=""omil8m""/>水<svgmtsiclass=""omibt8""/>茶简<svgmtsiclass=""omiavg""/><svgmtsiclass=""ominja""/><svgmtsiclass=""omibuu""/><svgmtsiclass=""omipcl""/>～还有现场<svgmtsiclass=""omie32""/>签<svgmtsiclass=""omio1v""/>礼，<svgmtsiclass=""omimw2""/>动<svgmtsiclass=""omibfl""/><svgmtsiclass=""omi6sk""/>，现场买<svgmtsiclass=""omipcl""/>玻尿酸找<svgmtsiclass=""omie32""/>黄院打<svgmtsiclass=""omio1v""/>，<svgmtsiclass=""omiaix""/>刻显示效<svgmtsiclass=""omibt8""/>、<svgmtsiclass=""ominja""/>满<svgmtsiclass=""omiycn""/>啦～"
4,效果：4.5,环境：4.5,服务：4.5,暂无,2022-07-2119:06,"[<svgmtsiclass=""omiezw""/>果]项目<svgmtsiclass=""omiezw""/>果：咬肌<svgmtsiclass=""omilr4""/>得<svgmtsiclass=""omibfl""/><svgmtsiclass=""omixlh""/><svgmtsiclass=""omis4h""/>[<svgmtsiclass=""omipkv""/><svgmtsiclass=""omiqqc""/>]<svgmtsiclass=""omipkv""/><svgmtsiclass=""omiqqc""/><svgmtsiclass=""omita9""/><svgmtsiclass=""omi5x6""/>：<svgmtsiclass=""omita9""/><svgmtsiclass=""omi5x6""/>都<svgmtsiclass=""omibfl""/>好，前<svgmtsiclass=""omikyp""/><svgmtsiclass=""omibem""/>待<svgmtsiclass=""omio1v""/>医<svgmtsiclass=""omiquo""/>注射的<svgmtsiclass=""omita9""/><svgmtsiclass=""omi5x6""/><svgmtsiclass=""omibfl""/>不<svgmtsiclass=""omi0k7""/>[医<svgmtsiclass=""omiquo""/>]医<svgmtsiclass=""omiquo""/>操作：<svgmtsiclass=""omi8xn""/>意，是<svgmtsiclass=""omi52b""/><svgmtsiclass=""omiqsf""/>医<svgmtsiclass=""omiquo""/>，忘了叫啥名字。面<svgmtsiclass=""omizwc""/><svgmtsiclass=""omibfl""/>仔细，注射<svgmtsiclass=""omi52b""/>置<svgmtsiclass=""omiwac""/><svgmtsiclass=""omibfl""/>好，不会凹<svgmtsiclass=""omi2r3""/>。[<svgmtsiclass=""omi2km""/><svgmtsiclass=""omioh2""/>]<svgmtsiclass=""omibap""/>中<svgmtsiclass=""omi2km""/><svgmtsiclass=""omioh2""/>：像<svgmtsiclass=""omi91r""/>蚁咬一样，<svgmtsiclass=""omip0o""/>什么<svgmtsiclass=""omi2km""/>觉环境<svgmtsiclass=""omibfl""/>不<svgmtsiclass=""omi0k7""/>，前<svgmtsiclass=""omikyp""/><svgmtsiclass=""omibem""/>待都<svgmtsiclass=""omibfl""/><svgmtsiclass=""omizea""/>心。"
5,效果：4.5,环境：5.0,服务：5.0,暂无,2022-07-0818:59,"来<svgmtsiclass=""ominrn""/><svgmtsiclass=""omijnk""/><svgmtsiclass=""omi3fu""/><svgmtsiclass=""omikyp""/>挂号，现场<svgmtsiclass=""omi7t4""/>客服顾问热情<svgmtsiclass=""omibem""/>待，<svgmtsiclass=""omibkn""/><svgmtsiclass=""omijnk""/>就是开单上楼等待<svgmtsiclass=""omi9xt""/>疗<svgmtsiclass=""omiaix""/><svgmtsiclass=""omidtf""/>，第<svgmtsiclass=""omiv3l""/><svgmtsiclass=""omiihb""/>来<svgmtsiclass=""ominrn""/><svgmtsiclass=""omie32""/>，<svgmtsiclass=""omidtf""/>能也是<svgmtsiclass=""omi3ta""/><svgmtsiclass=""omiv7i""/>到<svgmtsiclass=""ominrn""/><svgmtsiclass=""omie32""/>关系，<svgmtsiclass=""omip0o""/><svgmtsiclass=""omi7t4""/>预约过来，<svgmtsiclass=""omiu8j""/>也<svgmtsiclass=""omitmz""/>是<svgmtsiclass=""omibfl""/><svgmtsiclass=""omi6sk""/>等待时<svgmtsiclass=""omiuty""/>也就十<svgmtsiclass=""omi6sk""/>分<svgmtsiclass=""omisek""/>，<svgmtsiclass=""omi3ta""/><svgmtsiclass=""omikyp""/><svgmtsiclass=""omi0vx""/><svgmtsiclass=""omi2yi""/>项目<svgmtsiclass=""omibfl""/>便宜，配合<svgmtsiclass=""omi3ta""/><svgmtsiclass=""omikyp""/>优惠<svgmtsiclass=""omin3r""/>卡只<svgmtsiclass=""omi8o6""/>几十<svgmtsiclass=""omiw26""/>，<svgmtsiclass=""omi90g""/><svgmtsiclass=""omi976""/>价<svgmtsiclass=""omi0q6""/>真是爆<svgmtsiclass=""omipcl""/>，<svgmtsiclass=""omi90g""/><svgmtsiclass=""omiihb""/><svgmtsiclass=""omipcl""/>解到美莱<svgmtsiclass=""omirpt""/><svgmtsiclass=""omi7t4""/><svgmtsiclass=""omirb6""/><svgmtsiclass=""omipvb""/><svgmtsiclass=""omiu7t""/><svgmtsiclass=""omi7i7""/><svgmtsiclass=""omite1""/>，无<svgmtsiclass=""omibem""/>触就<svgmtsiclass=""omidtf""/><svgmtsiclass=""omi1q7""/><svgmtsiclass=""omi7i7""/><svgmtsiclass=""omite1""/><svgmtsiclass=""omie32""/>感觉挺黑科<svgmtsiclass=""omi9sl""/>，<svgmtsiclass=""omie92""/><svgmtsiclass=""omiihb""/><svgmtsiclass=""omidtf""/><svgmtsiclass=""omi1q7""/>尝试<svgmtsiclass=""omiv3l""/><svgmtsiclass=""omie92""/><svgmtsiclass=""omi4cj""/>其它部位看看<svgmtsiclass=""omiezw""/>果。"
6,效果：5.0,环境：5.0,服务：5.0,暂无,2022-07-1713:26,"<svgmtsiclass=""omiv3l""/>直都很<svgmtsiclass=""omivmy""/><svgmtsiclass=""omilg9""/><svgmtsiclass=""omi9zj""/>肤，皮肤<svgmtsiclass=""omi03e""/><svgmtsiclass=""omie32""/>女<svgmtsiclass=""omiebw""/><svgmtsiclass=""omibec""/><svgmtsiclass=""omijq3""/><svgmtsiclass=""omiang""/><svgmtsiclass=""omiwo7""/><svgmtsiclass=""omioc0""/><svgmtsiclass=""omie32""/>是很干净，很<svgmtsiclass=""omi05k""/><svgmtsiclass=""omizev""/>，也是在网<svgmtsiclass=""omibbe""/><svgmtsiclass=""omijq3""/><svgmtsiclass=""omipcl""/>很<svgmtsiclass=""omiz5z""/>，<svgmtsiclass=""omiy4t""/><svgmtsiclass=""omi6ac""/>草<svgmtsiclass=""omi1iz""/><svgmtsiclass=""omiwo7""/><svgmtsiclass=""omi4cj""/><svgmtsiclass=""omig8k""/><svgmtsiclass=""omibec""/>和<svgmtsiclass=""omixxu""/><svgmtsiclass=""omig8k""/>，<svgmtsiclass=""omirpt""/>是选<svgmtsiclass=""omi2ji""/><svgmtsiclass=""omipcl""/>老<svgmtsiclass=""omiajv""/><svgmtsiclass=""omij05""/>院美莱，皮肤<svgmtsiclass=""omirke""/>人<svgmtsiclass=""omijep""/>级多，等<svgmtsiclass=""omie32""/><svgmtsiclass=""omi4g0""/>间有点<svgmtsiclass=""omirv3""/>，不<svgmtsiclass=""omi1iz""/><svgmtsiclass=""omij05""/>生很温<svgmtsiclass=""omi49j""/><svgmtsiclass=""omiqp4""/><svgmtsiclass=""omi3ih""/>专业，也告诉<svgmtsiclass=""omipcl""/>我<svgmtsiclass=""omiv3l""/>些平<svgmtsiclass=""omi4g0""/><svgmtsiclass=""omie32""/><svgmtsiclass=""omi9zj""/><svgmtsiclass=""omigmx""/>方式，先<svgmtsiclass=""omi4cj""/><svgmtsiclass=""omipcl""/><svgmtsiclass=""omiv3l""/>次、感受<svgmtsiclass=""omijq3""/><svgmtsiclass=""omijq3""/>，后期要坚持<svgmtsiclass=""omi9zj""/>肤<svgmtsiclass=""omin1s""/>～<svgmtsiclass=""omi2pe""/>竟<svgmtsiclass=""omityn""/>美路是<svgmtsiclass=""omiv3l""/>条任<svgmtsiclass=""omi5wo""/><svgmtsiclass=""omi2db""/>道远。在这<svgmtsiclass=""omimrb""/>整日<svgmtsiclass=""omirpt""/>是<svgmtsiclass=""omiqp4""/><svgmtsiclass=""omi3ih""/>满<svgmtsiclass=""omiycn""/><svgmtsiclass=""omie32""/>，值得信赖。"
7,效果：5.0,环境：5.0,服务：5.0,暂无,2022-07-0315:22,"[诉<svgmtsiclass=""omia2u""/>]<svgmtsiclass=""omiijh""/>验前<svgmtsiclass=""omityn""/>美诉<svgmtsiclass=""omia2u""/>:主要<svgmtsiclass=""omi9aa""/>想<svgmtsiclass=""omiqpz""/><svgmtsiclass=""omips1""/><svgmtsiclass=""omie92""/><svgmtsiclass=""omite1""/>孔粗大<svgmtsiclass=""omie32""/><svgmtsiclass=""omiqwr""/>题[<svgmtsiclass=""omi1iz""/><svgmtsiclass=""omij6f""/>]项目<svgmtsiclass=""omiijh""/>验<svgmtsiclass=""omi1iz""/><svgmtsiclass=""omij6f""/>:<svgmtsiclass=""omi4cj""/>超光子<svgmtsiclass=""omie32""/><svgmtsiclass=""omi4g0""/>候医生<svgmtsiclass=""omibfl""/>细<svgmtsiclass=""omidcl""/><svgmtsiclass=""omie32""/>询<svgmtsiclass=""omiqwr""/>相<svgmtsiclass=""omie9l""/>事项，<svgmtsiclass=""omiqwr""/>强度<svgmtsiclass=""omi9aa""/>否<svgmtsiclass=""omidtf""/><svgmtsiclass=""omibem""/><svgmtsiclass=""omioh2""/>，<svgmtsiclass=""omibfl""/><svgmtsiclass=""omimdo""/><svgmtsiclass=""omizgj""/><svgmtsiclass=""omibfl""/>专业[<svgmtsiclass=""omiezw""/><svgmtsiclass=""omibt8""/>]<svgmtsiclass=""omiijh""/>验<svgmtsiclass=""omijnk""/><svgmtsiclass=""omiezw""/><svgmtsiclass=""omibt8""/>:感<svgmtsiclass=""ominnx""/>脸<svgmtsiclass=""omibbe""/>滑滑<svgmtsiclass=""omie32""/>，在<svgmtsiclass=""omibyr""/><svgmtsiclass=""omibzc""/>区躺着敷<svgmtsiclass=""omizgj""/>膜，<svgmtsiclass=""omibfl""/>放<svgmtsiclass=""omi94g""/>，<svgmtsiclass=""omiwac""/>会<svgmtsiclass=""omijor""/><svgmtsiclass=""omiqxg""/>计<svgmtsiclass=""omi4g0""/>，<svgmtsiclass=""omi7t4""/><svgmtsiclass=""omill7""/><svgmtsiclass=""omill7""/>在同<svgmtsiclass=""omi4g0""/><svgmtsiclass=""omixj6""/>着电<svgmtsiclass=""omijo8""/><svgmtsiclass=""omizry""/>作会议，<svgmtsiclass=""omidtf""/><svgmtsiclass=""omieuy""/>十分<svgmtsiclass=""omifzy""/>在环境<svgmtsiclass=""omibfl""/>好，<svgmtsiclass=""omizry""/>作<svgmtsiclass=""omiu8j""/><svgmtsiclass=""omieot""/><svgmtsiclass=""omibfl""/>nice，基<svgmtsiclass=""omiwo9""/><svgmtsiclass=""omidtf""/><svgmtsiclass=""omi1q7""/>无脑<svgmtsiclass=""omijor""/>着小<svgmtsiclass=""omill7""/><svgmtsiclass=""omill7""/>们走流<svgmtsiclass=""omij6f""/>，<svgmtsiclass=""omi7t4""/>个小<svgmtsiclass=""omii18""/><svgmtsiclass=""omii18""/><svgmtsiclass=""omimdo""/><svgmtsiclass=""omij6f""/>眼睛不<svgmtsiclass=""omixzx""/><svgmtsiclass=""omiy1i""/><svgmtsiclass=""omi19k""/>，叫<svgmtsiclass=""omifrz""/>就<svgmtsiclass=""omijor""/>着走，<svgmtsiclass=""omiwo9""/>懒<svgmtsiclass=""omiu8j""/>就喜<svgmtsiclass=""omiln8""/>这<svgmtsiclass=""omi6ac""/>一站式服务。"
8,效果：5.0,环境：5.0,服务：5.0,暂无,2022-07-1715:09,"位置<svgmtsiclass=""omiwac""/><svgmtsiclass=""omibfl""/>好找，就在华强<svgmtsiclass=""omiluq""/><svgmtsiclass=""omie32""/><svgmtsiclass=""omi93f""/>近，旁边<svgmtsiclass=""omiwac""/>有地铁都<svgmtsiclass=""omibfl""/>方便，一楼前<svgmtsiclass=""omikyp""/><svgmtsiclass=""omiy1g""/><svgmtsiclass=""omill7""/><svgmtsiclass=""omill7""/>服务<svgmtsiclass=""omibfl""/>热情，一进门就会有<svgmtsiclass=""omiy1g""/><svgmtsiclass=""omill7""/><svgmtsiclass=""omill7""/><svgmtsiclass=""omiwo7""/>接<svgmtsiclass=""omi0u3""/>，登记<svgmtsiclass=""omiml0""/><svgmtsiclass=""omibzc""/>，夏<svgmtsiclass=""omion8""/><svgmtsiclass=""omio1v""/>了，相<svgmtsiclass=""omi1wr""/>于<svgmtsiclass=""omio1v""/>了<svgmtsiclass=""omi7i7""/><svgmtsiclass=""omite1""/><svgmtsiclass=""omie32""/>季节，<svgmtsiclass=""omiemt""/>孩子<svgmtsiclass=""omimu3""/>上都要<svgmtsiclass=""omiu0w""/><svgmtsiclass=""omiu0w""/><svgmtsiclass=""omie32""/>，<svgmtsiclass=""omi7i7""/><svgmtsiclass=""omite1""/><svgmtsiclass=""omie32""/>过<svgmtsiclass=""omij6f""/><svgmtsiclass=""omiwac""/><svgmtsiclass=""omibfl""/><svgmtsiclass=""ominny""/><svgmtsiclass=""omify7""/>，<svgmtsiclass=""omitmz""/>会<svgmtsiclass=""omir4j""/>现剧烈<svgmtsiclass=""omie32""/><svgmtsiclass=""omibsj""/>痛和<svgmtsiclass=""omit06""/>激，冰冰<svgmtsiclass=""omiu9w""/><svgmtsiclass=""omiu9w""/><svgmtsiclass=""omie32""/>，帮<svgmtsiclass=""omi7i7""/><svgmtsiclass=""omite1""/><svgmtsiclass=""omie32""/><svgmtsiclass=""omiy1g""/><svgmtsiclass=""omill7""/><svgmtsiclass=""omill7""/><svgmtsiclass=""omi6dc""/><svgmtsiclass=""omixsy""/><svgmtsiclass=""omiwac""/><svgmtsiclass=""omibfl""/>好，<svgmtsiclass=""omi7i7""/>完<svgmtsiclass=""omite1""/>皮肤<svgmtsiclass=""omityn""/><svgmtsiclass=""omie32""/>更<svgmtsiclass=""omiudj""/>光滑和细腻，价<svgmtsiclass=""omixbt""/><svgmtsiclass=""omiwac""/><svgmtsiclass=""omibfl""/>合<svgmtsiclass=""omify7""/>，爱<svgmtsiclass=""omiu0w""/><svgmtsiclass=""omie32""/><svgmtsiclass=""omiy1g""/><svgmtsiclass=""omill7""/>妹<svgmtsiclass=""omilhq""/><svgmtsiclass=""omib14""/><svgmtsiclass=""omiwo7""/>-"
9,效果：5.0,环境：5.0,服务：5.0,暂无,2022-05-31  更新于2022-07-1808:03,"[诉求]<svgmtsiclass=""omiqyf""/>改善<svgmtsiclass=""omie32""/><svgmtsiclass=""omiqwr""/><svgmtsiclass=""omitp9""/>：<svgmtsiclass=""omizqg""/><svgmtsiclass=""omilcp""/><svgmtsiclass=""omiy59""/>耿耿<svgmtsiclass=""omibis""/>怀，<svgmtsiclass=""omij05""/><svgmtsiclass=""omiquo""/><svgmtsiclass=""omizgj""/>诊<svgmtsiclass=""omidyb""/>专业<svgmtsiclass=""omie32""/>说我年<svgmtsiclass=""omifkz""/><svgmtsiclass=""omirpt""/><svgmtsiclass=""omiy1g""/>就<svgmtsiclass=""omisra""/><svgmtsiclass=""omiy59""/><svgmtsiclass=""omiuty""/><svgmtsiclass=""omi48w""/>就<svgmtsiclass=""omihi7""/><svgmtsiclass=""omipcl""/>今<svgmtsiclass=""omion8""/><svgmtsiclass=""omikf4""/>三<svgmtsiclass=""omion8""/><svgmtsiclass=""omi2km""/><svgmtsiclass=""ominnx""/><svgmtsiclass=""omioc0""/><svgmtsiclass=""omie32""/><svgmtsiclass=""omi03e""/>神奇！<svgmtsiclass=""omilcp""/><svgmtsiclass=""omitmz""/>起<svgmtsiclass=""omiwo7""/><svgmtsiclass=""omipcl""/>！！[<svgmtsiclass=""omiezw""/>果]项目<svgmtsiclass=""omiezw""/>果：抬头<svgmtsiclass=""omi48w""/><svgmtsiclass=""omip0o""/><svgmtsiclass=""omisra""/><svgmtsiclass=""omir0n""/><svgmtsiclass=""omi2km""/><svgmtsiclass=""ominnx""/>额头<svgmtsiclass=""omiwac""/>有提<svgmtsiclass=""omi79w""/><svgmtsiclass=""omiezw""/>果！比较紧<svgmtsiclass=""omidcl""/>！<svgmtsiclass=""ominnx""/>得<svgmtsiclass=""omirpt""/><svgmtsiclass=""omi9aa""/><svgmtsiclass=""omibfl""/>有必<svgmtsiclass=""omi8o6""/><svgmtsiclass=""omisra""/><svgmtsiclass=""omie32""/>！<svgmtsiclass=""omiv0b""/><svgmtsiclass=""omiepu""/><svgmtsiclass=""omiezw""/>果：<svgmtsiclass=""omiv3l""/>个<svgmtsiclass=""omik0v""/><svgmtsiclass=""omi1iz""/><svgmtsiclass=""omigo5""/><svgmtsiclass=""omipcl""/><svgmtsiclass=""omioc0""/>香！<svgmtsiclass=""omitmz""/>会习惯性<svgmtsiclass=""omilcp""/><svgmtsiclass=""omiy59""/><svgmtsiclass=""omipcl""/>！<svgmtsiclass=""omi2km""/><svgmtsiclass=""ominnx""/><svgmtsiclass=""omi359""/><svgmtsiclass=""omi6cj""/>平整<svgmtsiclass=""omitmz""/>少<imgclass=""emoji-img""src=""https://img.meituan.net/ugcpic/53923a3498249742112702bc3a1068fe2274.png""alt=""""/>[<svgmtsiclass=""omij05""/><svgmtsiclass=""omiquo""/>]<svgmtsiclass=""omij05""/><svgmtsiclass=""omiquo""/>操<svgmtsiclass=""omixsy""/>：我<svgmtsiclass=""omisra""/><svgmtsiclass=""omie32""/><svgmtsiclass=""omi9aa""/>美国进<svgmtsiclass=""omivrt""/><svgmtsiclass=""omi5qt""/>妥适，7针吧16u，剂<svgmtsiclass=""omio7h""/><svgmtsiclass=""omitmz""/>算多就<svgmtsiclass=""omi9aa""/><svgmtsiclass=""omiqyf""/>自然<svgmtsiclass=""omiv3l""/><svgmtsiclass=""omiadl""/>～<svgmtsiclass=""omiqim""/>事<svgmtsiclass=""omilhq""/><svgmtsiclass=""omiwac""/><svgmtsiclass=""omi768""/>看<svgmtsiclass=""omitmz""/>出<svgmtsiclass=""omiwo7""/>～[<svgmtsiclass=""omi2km""/><svgmtsiclass=""omioh2""/>]术中<svgmtsiclass=""omi2km""/><svgmtsiclass=""omioh2""/>：<svgmtsiclass=""omitmz""/><svgmtsiclass=""omi1iz""/>目前<svgmtsiclass=""omi9aa""/><svgmtsiclass=""omiy59""/><svgmtsiclass=""omiuty""/>鼻头下<svgmtsiclass=""omizgj""/>有<svgmtsiclass=""omiadl""/><svgmtsiclass=""omishk""/><svgmtsiclass=""omilld""/><svgmtsiclass=""omiqwr""/><svgmtsiclass=""omitp9""/><svgmtsiclass=""omitmz""/>大<svgmtsiclass=""omir0n""/><svgmtsiclass=""omi9aa""/><svgmtsiclass=""omi4cj""/>瑜伽<svgmtsiclass=""omiwac""/><svgmtsiclass=""omitmz""/>大方<svgmtsiclass=""omiteq""/>，总之低头<svgmtsiclass=""omie32""/>动<svgmtsiclass=""omixsy""/><svgmtsiclass=""omi768""/><svgmtsiclass=""omitmz""/><svgmtsiclass=""omi9aa""/><svgmtsiclass=""omibfl""/>舒<svgmtsiclass=""omita9""/>尽<svgmtsiclass=""omio7h""/><svgmtsiclass=""omirpt""/><svgmtsiclass=""omi9aa""/><svgmtsiclass=""omizs5""/><svgmtsiclass=""omiycn""/><svgmtsiclass=""omiadl""/><svgmtsiclass=""omi03e""/>～<svgmtsiclass=""omiv0b""/><svgmtsiclass=""omiepu""/>：<svgmtsiclass=""omiv3l""/>周后症<svgmtsiclass=""omir6j""/><svgmtsiclass=""omimdo""/><svgmtsiclass=""omixv9""/>就<svgmtsiclass=""omi9aa""/><svgmtsiclass=""omixv9""/>法<svgmtsiclass=""omilcp""/><svgmtsiclass=""omiy59""/><svgmtsiclass=""omi23e""/><svgmtsiclass=""omi23e""/><svgmtsiclass=""omi23e""/>[<svgmtsiclass=""omipkv""/><svgmtsiclass=""omiqqc""/>]<svgmtsiclass=""omipkv""/><svgmtsiclass=""omiqqc""/><svgmtsiclass=""omita9""/>务：<svgmtsiclass=""omiepu""/>客<svgmtsiclass=""omiijh""/><svgmtsiclass=""omitjd""/><svgmtsiclass=""omirpt""/>送<svgmtsiclass=""omipcl""/><svgmtsiclass=""omiv3l""/>次纳<svgmtsiclass=""omis72""/>水光！<svgmtsiclass=""omiwac""/>太<svgmtsiclass=""omi03e""/><svgmtsiclass=""omipcl""/>吧顺<svgmtsiclass=""omiteq""/><svgmtsiclass=""omirpt""/><svgmtsiclass=""omiv3l""/>起<svgmtsiclass=""omi4cj""/><svgmtsiclass=""omipcl""/>纳<svgmtsiclass=""omis72""/>水光！<svgmtsiclass=""omibfl""/>快，手<svgmtsiclass=""omisra""/><svgmtsiclass=""omie32""/>大<svgmtsiclass=""omiygw""/><svgmtsiclass=""omiwac""/>就<svgmtsiclass=""omitmz""/>到<svgmtsiclass=""omi4zq""/><svgmtsiclass=""omirhr""/>钟，<svgmtsiclass=""omi9aa""/>有<svgmtsiclass=""omiadl""/><svgmtsiclass=""omilld""/><svgmtsiclass=""omie32""/>！<svgmtsiclass=""omir0n""/><svgmtsiclass=""omi9aa""/><svgmtsiclass=""omidtf""/><svgmtsiclass=""omi1q7""/>接<svgmtsiclass=""omioh2""/><imgclass=""emoji-img""src=""https://img.meituan.net/ugcpic/53923a3498249742112702bc3a1068fe2274.png""alt=""""/><svgmtsiclass=""omisra""/><svgmtsiclass=""omidgf""/>三<svgmtsiclass=""omion8""/><svgmtsiclass=""omitmz""/><svgmtsiclass=""omilxj""/>化妆～<svgmtsiclass=""omiv0b""/><svgmtsiclass=""omiepu""/><svgmtsiclass=""omi2km""/><svgmtsiclass=""omioh2""/>：<svgmtsiclass=""omiqim""/>事<svgmtsiclass=""omilhq""/><svgmtsiclass=""omi768""/>说我<svgmtsiclass=""omi359""/><svgmtsiclass=""omi6cj""/>变<svgmtsiclass=""omi03e""/><svgmtsiclass=""omipcl""/>！！"
10,效果：4.0,环境：4.0,服务：4.0,暂无,2022-05-28  更新于2022-05-3123:48,"<svgmtsiclass=""omi3g9""/>圳<svgmtsiclass=""omiu0w""/>莱|<svgmtsiclass=""omihky""/>上变<svgmtsiclass=""omiu0w""/>之路，满足自己<imgclass=""emoji-img""src=""https://img.meituan.net/ugcpic/77767c628a19e6d0a84e9558551634ca2205.png""alt=""""/><svgmtsiclass=""omi1jr""/><svgmtsiclass=""omif6k""/>上<svgmtsiclass=""omijq3""/><svgmtsiclass=""omieuy""/>近<svgmtsiclass=""omikwn""/><svgmtsiclass=""omiu0w""/>莱<svgmtsiclass=""omitcn""/>做<svgmtsiclass=""omimw2""/><svgmtsiclass=""omiaeh""/>，很多<svgmtsiclass=""omipj5""/><svgmtsiclass=""omiqjs""/><svgmtsiclass=""omi768""/>很优惠，<svgmtsiclass=""omi2db""/><svgmtsiclass=""omigqw""/>距<svgmtsiclass=""omixzx""/>家<svgmtsiclass=""omiwac""/><svgmtsiclass=""omitmz""/><svgmtsiclass=""omi9aa""/>很远<svgmtsiclass=""omiwnc""/><svgmtsiclass=""omil8m""/><svgmtsiclass=""omiek7""/><svgmtsiclass=""omiek7""/>一起<svgmtsiclass=""omiwo7""/><svgmtsiclass=""omiijh""/><svgmtsiclass=""omitjd""/>一<svgmtsiclass=""omie92""/>。果<svgmtsiclass=""omibkn""/>爱<svgmtsiclass=""omiu0w""/>之心<svgmtsiclass=""omiu8j""/>皆有之，<svgmtsiclass=""omiw3q""/><svgmtsiclass=""omixe1""/><svgmtsiclass=""omiu8j""/>真<svgmtsiclass=""omie32""/>多<svgmtsiclass=""omie92""/>次还<svgmtsiclass=""omi9aa""/><svgmtsiclass=""omizry""/><svgmtsiclass=""omixsy""/><svgmtsiclass=""omiv7i""/><svgmtsiclass=""omiwo7""/>吧。🌸<svgmtsiclass=""omisf7""/>境：医院整<svgmtsiclass=""omiijh""/><svgmtsiclass=""omitmz""/><svgmtsiclass=""omi0k7""/>，<svgmtsiclass=""omisf7""/>境<svgmtsiclass=""omivjr""/>地<svgmtsiclass=""omidyb""/><svgmtsiclass=""omi1jr""/><svgmtsiclass=""omie32""/><svgmtsiclass=""omijq3""/>起<svgmtsiclass=""omiwo7""/><svgmtsiclass=""omiwnc""/>有底<svgmtsiclass=""omi7la""/>了<svgmtsiclass=""omi23e""/><svgmtsiclass=""omi23e""/>，毕竟医<svgmtsiclass=""omiu0w""/>。里面<svgmtsiclass=""omie32""/><svgmtsiclass=""omiy1g""/>姐姐<svgmtsiclass=""omilhq""/>一个个<svgmtsiclass=""omie32""/><svgmtsiclass=""omiwus""/>白<svgmtsiclass=""omiwus""/><svgmtsiclass=""omiu0w""/>，<svgmtsiclass=""omi7la""/>质<svgmtsiclass=""omitcn""/><svgmtsiclass=""omii8r""/><svgmtsiclass=""omijxr""/>。🌸<svgmtsiclass=""omipj5""/><svgmtsiclass=""omiqjs""/>：<svgmtsiclass=""omimw2""/><svgmtsiclass=""omiaeh""/><svgmtsiclass=""omikwn""/><svgmtsiclass=""omiuty""/>价格很<svgmtsiclass=""omiqrv""/>惠，一定要<svgmtsiclass=""omixcu""/>前预<svgmtsiclass=""omibm0""/>！！<svgmtsiclass=""omitmz""/><svgmtsiclass=""omibkn""/>真<svgmtsiclass=""omie32""/>等好久，<svgmtsiclass=""omiu8j""/>多<svgmtsiclass=""omitmz""/><svgmtsiclass=""omi9aa""/>吓<svgmtsiclass=""omi1jr""/><svgmtsiclass=""omie32""/>。<svgmtsiclass=""omitmz""/>过服务很<svgmtsiclass=""omiw3q""/><svgmtsiclass=""omio1v""/>，注<svgmtsiclass=""omiycn""/>事<svgmtsiclass=""omipj5""/><svgmtsiclass=""omiwac""/><svgmtsiclass=""omi9aa""/><svgmtsiclass=""omixcu""/>醒<svgmtsiclass=""omie32""/><svgmtsiclass=""omi8mj""/><svgmtsiclass=""omi8mj""/><svgmtsiclass=""omie32""/><svgmtsiclass=""omijxr""/>。🌸等待<svgmtsiclass=""omikwn""/><svgmtsiclass=""omiuty""/>还有自助<svgmtsiclass=""omie32""/>饮<svgmtsiclass=""omi4pm""/><svgmtsiclass=""omil8m""/><svgmtsiclass=""omiy1g""/><svgmtsiclass=""omig1v""/>食<svgmtsiclass=""omijxr""/><imgclass=""emoji-img""src=""https://img.meituan.net/ugcpic/53923a3498249742112702bc3a1068fe2274.png""alt=""""/>"
11,效果：5.0,环境：5.0,服务：5.0,暂无,2022-06-0212:07,"[<svgmtsiclass=""omiezw""/><svgmtsiclass=""omibt8""/>]<svgmtsiclass=""omipj5""/>目<svgmtsiclass=""omiezw""/><svgmtsiclass=""omibt8""/>：<svgmtsiclass=""omidyb""/><svgmtsiclass=""omi03e""/><svgmtsiclass=""omie32""/>，第<svgmtsiclass=""omiv3l""/><svgmtsiclass=""omiihb""/><svgmtsiclass=""omi3yd""/>试除皱，上<svgmtsiclass=""omizm1""/>搜<svgmtsiclass=""omipcl""/>下<svgmtsiclass=""omizs5""/>意事<svgmtsiclass=""omipj5""/>，<svgmtsiclass=""omi3em""/><svgmtsiclass=""omik5c""/>会<svgmtsiclass=""omir4j""/><svgmtsiclass=""omitoo""/>飞<svgmtsiclass=""omiy59""/><svgmtsiclass=""omil8m""/>压眼，特<svgmtsiclass=""omiop4""/>跟<svgmtsiclass=""omij05""/><svgmtsiclass=""omiquo""/>说明<svgmtsiclass=""omipcl""/>，<svgmtsiclass=""omi4cj""/>完大概7<svgmtsiclass=""omion8""/>左右<svgmtsiclass=""omiezw""/><svgmtsiclass=""omibt8""/><svgmtsiclass=""omir4j""/>来<svgmtsiclass=""omipcl""/>，<svgmtsiclass=""omitoo""/>在我<svgmtsiclass=""omixv9""/>论怎么<svgmtsiclass=""omiu4b""/>劲抬<svgmtsiclass=""omiy59""/>都没<svgmtsiclass=""omi7t4""/>皱纹，<svgmtsiclass=""omi2km""/><svgmtsiclass=""ominnx""/>变<svgmtsiclass=""omin3r""/>轻<svgmtsiclass=""omipcl""/><svgmtsiclass=""omi03e""/>多，也没<svgmtsiclass=""omi7t4""/><svgmtsiclass=""omir4j""/><svgmtsiclass=""omitoo""/>副作用[<svgmtsiclass=""omipkv""/>户]<svgmtsiclass=""omipkv""/>户服务：整<svgmtsiclass=""omiijh""/><svgmtsiclass=""omitmz""/>错，每<svgmtsiclass=""omiv3l""/><svgmtsiclass=""omig56""/>都<svgmtsiclass=""omi7t4""/>对应工作人员跟<svgmtsiclass=""omizmr""/>[诉求]想<svgmtsiclass=""omiqpz""/>善<svgmtsiclass=""omie32""/><svgmtsiclass=""omiqwr""/>题：<svgmtsiclass=""omi2km""/><svgmtsiclass=""ominnx""/>30<svgmtsiclass=""omir4j""/><svgmtsiclass=""omie2v""/><svgmtsiclass=""omixj6""/>始<svgmtsiclass=""omi7t4""/>抬<svgmtsiclass=""omie2v""/>纹<svgmtsiclass=""omipcl""/>，<svgmtsiclass=""omitmz""/>显<svgmtsiclass=""omin3r""/>轻[<svgmtsiclass=""omij05""/><svgmtsiclass=""omiquo""/>]<svgmtsiclass=""omij05""/><svgmtsiclass=""omiquo""/><svgmtsiclass=""omi6dc""/>作：<svgmtsiclass=""omi7tn""/><svgmtsiclass=""omie32""/>黄凯院长<svgmtsiclass=""omi6dc""/>作，<svgmtsiclass=""omij05""/><svgmtsiclass=""omiquo""/><svgmtsiclass=""omibfl""/>专业[<svgmtsiclass=""omi2km""/><svgmtsiclass=""omioh2""/>]<svgmtsiclass=""omibap""/><svgmtsiclass=""omiipm""/><svgmtsiclass=""omi2km""/><svgmtsiclass=""omioh2""/>：<svgmtsiclass=""omi7t4""/><svgmtsiclass=""omiadl""/><svgmtsiclass=""omiadl""/><svgmtsiclass=""omibsj""/>，但是<svgmtsiclass=""omidtf""/><svgmtsiclass=""omi1q7""/><svgmtsiclass=""omited""/><svgmtsiclass=""omioh2""/>"
12,效果：4.5,环境：4.5,服务：4.5,暂无,2022-06-2317:30,"<svgmtsiclass=""omi359""/><svgmtsiclass=""omibuw""/><svgmtsiclass=""omie32""/><svgmtsiclass=""omijj4""/><svgmtsiclass=""omiezw""/><svgmtsiclass=""omihqo""/>作用<svgmtsiclass=""omi1jr""/><svgmtsiclass=""omi6sk""/>数可以改善<svgmtsiclass=""omi359""/><svgmtsiclass=""omi6cj""/><svgmtsiclass=""omibbe""/>所<svgmtsiclass=""omir4j""/>现<svgmtsiclass=""omie32""/><svgmtsiclass=""omibfl""/><svgmtsiclass=""omi6sk""/>问题，让<svgmtsiclass=""omi6cj""/>色变得更加<svgmtsiclass=""omiu0w""/>白，同样可以淡化，<svgmtsiclass=""omif3l""/><svgmtsiclass=""omibbe""/><svgmtsiclass=""omie32""/><svgmtsiclass=""omie7z""/>块，<svgmtsiclass=""omiu4b""/><svgmtsiclass=""omi359""/><svgmtsiclass=""omi6cj""/>粗糙<svgmtsiclass=""omie32""/><svgmtsiclass=""omigag""/>况<svgmtsiclass=""omi7t4""/><svgmtsiclass=""omiezw""/>恢复。<svgmtsiclass=""omi359""/><svgmtsiclass=""omibuw""/>也是<svgmtsiclass=""omi8m2""/>于<svgmtsiclass=""omiv3l""/>种<svgmtsiclass=""omij05""/><svgmtsiclass=""omiu0w""/>方式，会产<svgmtsiclass=""omiquo""/><svgmtsiclass=""omiv3l""/>定<svgmtsiclass=""omie32""/>能量和波长，比<svgmtsiclass=""omiciq""/><svgmtsiclass=""omi0c5""/><svgmtsiclass=""omie32""/>激光要<svgmtsiclass=""omi1jr""/><svgmtsiclass=""omir4j""/><svgmtsiclass=""omibfl""/><svgmtsiclass=""omi6sk""/><svgmtsiclass=""omi9ov""/>，会直接穿透表<svgmtsiclass=""omi359""/><svgmtsiclass=""omi40z""/>到达<svgmtsiclass=""omi359""/><svgmtsiclass=""omi6cj""/>深<svgmtsiclass=""omi40z""/>组织，<svgmtsiclass=""omibkn""/>后<svgmtsiclass=""omi057""/>聚集<svgmtsiclass=""omitcn""/><svgmtsiclass=""omiv3l""/><svgmtsiclass=""omiang""/><svgmtsiclass=""omie32""/>黑色素分解掉。"
13,效果：5.0,环境：5.0,服务：5.0,暂无,2022-07-1715:09,"<svgmtsiclass=""omi2ka""/><svgmtsiclass=""omion8""/>都<svgmtsiclass=""omi9aa""/>穿小背心，小裙子<svgmtsiclass=""omie32""/>时<svgmtsiclass=""omiyfo""/>。为了<svgmtsiclass=""omi5b1""/>免尴尬，<svgmtsiclass=""omik5k""/><svgmtsiclass=""omi1q7""/><svgmtsiclass=""omi1iz""/><svgmtsiclass=""omiwo7""/>这边体<svgmtsiclass=""omitjd""/><svgmtsiclass=""omiv3l""/><svgmtsiclass=""omie92""/>脱毛，位<svgmtsiclass=""omi254""/>还<svgmtsiclass=""omidyb""/><svgmtsiclass=""omi03e""/><svgmtsiclass=""omije0""/><svgmtsiclass=""omie32""/>，<svgmtsiclass=""omiwnc""/>在<svgmtsiclass=""omi9s6""/>强北附近，坐<svgmtsiclass=""omibk3""/>铁也方便，<svgmtsiclass=""omiv3l""/><svgmtsiclass=""omik7b""/>前台小<svgmtsiclass=""omill7""/><svgmtsiclass=""omill7""/>还<svgmtsiclass=""omi9aa""/><svgmtsiclass=""omidyb""/><svgmtsiclass=""omivmy""/><svgmtsiclass=""omigag""/>接待<svgmtsiclass=""omie32""/>、<svgmtsiclass=""omi1iz""/><svgmtsiclass=""omij6f""/>也<svgmtsiclass=""omidyb""/><svgmtsiclass=""ominny""/>服，全<svgmtsiclass=""omij6f""/>无痛感，想<svgmtsiclass=""omi8o6""/>脱毛<svgmtsiclass=""omie32""/>小<svgmtsiclass=""omill7""/><svgmtsiclass=""omi13x""/><svgmtsiclass=""omilhq""/>推<svgmtsiclass=""omihdi""/><svgmtsiclass=""omi1jr""/>家<svgmtsiclass=""omi1iz""/><svgmtsiclass=""omiwo7""/>体<svgmtsiclass=""omitjd""/>"
14,效果：4.5,环境：4.5,服务：4.5,暂无,2022-07-0917:47,"[<svgmtsiclass=""omi1iz""/>程]项目体<svgmtsiclass=""omitjd""/><svgmtsiclass=""omi1iz""/>程:<svgmtsiclass=""omi976""/>价<svgmtsiclass=""omi0q6""/><svgmtsiclass=""omibfl""/><svgmtsiclass=""omiwew""/>，服<svgmtsiclass=""omi5x6""/><svgmtsiclass=""omiw3q""/>到，流程<svgmtsiclass=""omietb""/><svgmtsiclass=""omijkw""/>，<svgmtsiclass=""omiezw""/><svgmtsiclass=""omibt8""/>非常<svgmtsiclass=""omitmz""/><svgmtsiclass=""omi0k7""/>。<svgmtsiclass=""omi1iz""/>程<svgmtsiclass=""omibfl""/><svgmtsiclass=""omiwew""/><svgmtsiclass=""omiezw""/>，<svgmtsiclass=""omiv3l""/><svgmtsiclass=""omird7""/><svgmtsiclass=""omitmz""/>用等待太<svgmtsiclass=""omirv3""/><svgmtsiclass=""omi4g0""/>间。每<svgmtsiclass=""omiihb""/>都<svgmtsiclass=""ominxw""/>做后<svgmtsiclass=""omi6hr""/>要注意<svgmtsiclass=""omie32""/><svgmtsiclass=""omie32""/>温馨提示。<svgmtsiclass=""omiw3q""/><svgmtsiclass=""omixe1""/>人<svgmtsiclass=""omi0q6""/>较多，<svgmtsiclass=""omidtf""/>以<svgmtsiclass=""omihk9""/>量选择工作日<svgmtsiclass=""omi1iz""/><svgmtsiclass=""omiwo7""/>。[<svgmtsiclass=""omiezw""/><svgmtsiclass=""omibt8""/>]体<svgmtsiclass=""omitjd""/>后<svgmtsiclass=""omiezw""/><svgmtsiclass=""omibt8""/>:<svgmtsiclass=""omiezw""/><svgmtsiclass=""omibt8""/><svgmtsiclass=""omibfl""/>显<svgmtsiclass=""omi19e""/>，<svgmtsiclass=""omirv7""/>持<svgmtsiclass=""omiwo7""/><svgmtsiclass=""omiezw""/><svgmtsiclass=""omibt8""/>非常好。"
